timestamp,device_id,temperature,humidity,voltage,resultado
2026-09-28 16:48:51,SENSOR-001,74.18,55.91,4.55,ANOMALIA: temperatura fuera de rango
2026-09-28 16:48:52,SENSOR-001,89.26,50.14,5.1,ANOMALIA: temperatura fuera de rango
2026-09-28 16:48:53,SENSOR-001,31.42,44.19,5.07,NORMAL
2026-09-28 16:48:54,SENSOR-001,79.64,52.65,4.81,ANOMALIA: temperatura fuera de rango
2026-09-28 16:48:55,SENSOR-001,33.98,42.43,5.08,NORMAL
2026-09-28 16:48:56,SENSOR-001,20.53,60.57,4.95,NORMAL
2026-09-28 16:48:57,SENSOR-001,34.32,56.11,4.92,NORMAL
2026-09-28 16:48:58,SENSOR-001,26.16,67.99,5.18,NORMAL
2026-09-28 16:48:59,SENSOR-001,22.02,63.31,4.86,NORMAL
2026-09-28 16:49:00,SENSOR-001,85.94,44.01,4.63,ANOMALIA: temperatura fuera de rango
2026-09-28 16:49:01,SENSOR-001,30.43,66.42,5.04,NORMAL
2026-09-28 16:49:02,SENSOR-001,21.77,56.79,4.75,NORMAL
2026-09-28 16:49:03,SENSOR-001,20.91,77.75,4.86,NORMAL
2026-09-28 16:49:04,SENSOR-001,26.55,51.19,4.66,NORMAL
